sample_a	sample_b	shared_hierarchy_facts	union_hierarchy_facts	different_hierarchy_facts	hierarchy_similarity_percent
EuSCAPE_AT022	EuSCAPE_AT022	5	5	0	100.0
EuSCAPE_AT022	EuSCAPE_BE091	3	7	4	42.9
EuSCAPE_AT022	EuSCAPE_BE098	3	9	6	33.3
EuSCAPE_AT022	EuSCAPE_DE016	2	12	10	16.7
EuSCAPE_AT022	EuSCAPE_GR158	1	13	12	7.7
EuSCAPE_AT022	EuSCAPE_IE024	5	9	4	55.6
EuSCAPE_AT022	EuSCAPE_IT152	3	7	4	42.9
EuSCAPE_AT022	EuSCAPE_IT222	3	9	6	33.3
EuSCAPE_AT022	EuSCAPE_IT242	3	7	4	42.9
EuSCAPE_AT022	EuSCAPE_PL039	1	13	12	7.7
EuSCAPE_BE091	EuSCAPE_AT022	3	7	4	42.9
EuSCAPE_BE091	EuSCAPE_BE091	5	5	0	100.0
EuSCAPE_BE091	EuSCAPE_BE098	5	7	2	71.4
EuSCAPE_BE091	EuSCAPE_DE016	1	13	12	7.7
EuSCAPE_BE091	EuSCAPE_GR158	2	12	10	16.7
EuSCAPE_BE091	EuSCAPE_IE024	3	11	8	27.3
EuSCAPE_BE091	EuSCAPE_IT152	5	5	0	100.0
EuSCAPE_BE091	EuSCAPE_IT222	5	7	2	71.4
EuSCAPE_BE091	EuSCAPE_IT242	5	5	0	100.0
EuSCAPE_BE091	EuSCAPE_PL039	2	12	10	16.7
EuSCAPE_BE098	EuSCAPE_AT022	3	9	6	33.3
EuSCAPE_BE098	EuSCAPE_BE091	5	7	2	71.4
EuSCAPE_BE098	EuSCAPE_BE098	7	7	0	100.0
EuSCAPE_BE098	EuSCAPE_DE016	1	15	14	6.7
EuSCAPE_BE098	EuSCAPE_GR158	2	14	12	14.3
EuSCAPE_BE098	EuSCAPE_IE024	3	13	10	23.1
EuSCAPE_BE098	EuSCAPE_IT152	5	7	2	71.4
EuSCAPE_BE098	EuSCAPE_IT222	5	9	4	55.6
EuSCAPE_BE098	EuSCAPE_IT242	5	7	2	71.4
EuSCAPE_BE098	EuSCAPE_PL039	3	13	10	23.1
EuSCAPE_DE016	EuSCAPE_AT022	2	12	10	16.7
EuSCAPE_DE016	EuSCAPE_BE091	1	13	12	7.7
EuSCAPE_DE016	EuSCAPE_BE098	1	15	14	6.7
EuSCAPE_DE016	EuSCAPE_DE016	9	9	0	100.0
EuSCAPE_DE016	EuSCAPE_GR158	7	11	4	63.6
EuSCAPE_DE016	EuSCAPE_IE024	4	14	10	28.6
EuSCAPE_DE016	EuSCAPE_IT152	1	13	12	7.7
EuSCAPE_DE016	EuSCAPE_IT222	2	14	12	14.3
EuSCAPE_DE016	EuSCAPE_IT242	1	13	12	7.7
EuSCAPE_DE016	EuSCAPE_PL039	4	14	10	28.6
EuSCAPE_GR158	EuSCAPE_AT022	1	13	12	7.7
EuSCAPE_GR158	EuSCAPE_BE091	2	12	10	16.7
EuSCAPE_GR158	EuSCAPE_BE098	2	14	12	14.3
EuSCAPE_GR158	EuSCAPE_DE016	7	11	4	63.6
EuSCAPE_GR158	EuSCAPE_GR158	9	9	0	100.0
EuSCAPE_GR158	EuSCAPE_IE024	3	15	12	20.0
EuSCAPE_GR158	EuSCAPE_IT152	2	12	10	16.7
EuSCAPE_GR158	EuSCAPE_IT222	3	13	10	23.1
EuSCAPE_GR158	EuSCAPE_IT242	2	12	10	16.7
EuSCAPE_GR158	EuSCAPE_PL039	6	12	6	50.0
EuSCAPE_IE024	EuSCAPE_AT022	5	9	4	55.6
EuSCAPE_IE024	EuSCAPE_BE091	3	11	8	27.3
EuSCAPE_IE024	EuSCAPE_BE098	3	13	10	23.1
EuSCAPE_IE024	EuSCAPE_DE016	4	14	10	28.6
EuSCAPE_IE024	EuSCAPE_GR158	3	15	12	20.0
EuSCAPE_IE024	EuSCAPE_IE024	9	9	0	100.0
EuSCAPE_IE024	EuSCAPE_IT152	3	11	8	27.3
EuSCAPE_IE024	EuSCAPE_IT222	5	11	6	45.5
EuSCAPE_IE024	EuSCAPE_IT242	3	11	8	27.3
EuSCAPE_IE024	EuSCAPE_PL039	2	16	14	12.5
EuSCAPE_IT152	EuSCAPE_AT022	3	7	4	42.9
EuSCAPE_IT152	EuSCAPE_BE091	5	5	0	100.0
EuSCAPE_IT152	EuSCAPE_BE098	5	7	2	71.4
EuSCAPE_IT152	EuSCAPE_DE016	1	13	12	7.7
EuSCAPE_IT152	EuSCAPE_GR158	2	12	10	16.7
EuSCAPE_IT152	EuSCAPE_IE024	3	11	8	27.3
EuSCAPE_IT152	EuSCAPE_IT152	5	5	0	100.0
EuSCAPE_IT152	EuSCAPE_IT222	5	7	2	71.4
EuSCAPE_IT152	EuSCAPE_IT242	5	5	0	100.0
EuSCAPE_IT152	EuSCAPE_PL039	2	12	10	16.7
EuSCAPE_IT222	EuSCAPE_AT022	3	9	6	33.3
EuSCAPE_IT222	EuSCAPE_BE091	5	7	2	71.4
EuSCAPE_IT222	EuSCAPE_BE098	5	9	4	55.6
EuSCAPE_IT222	EuSCAPE_DE016	2	14	12	14.3
EuSCAPE_IT222	EuSCAPE_GR158	3	13	10	23.1
EuSCAPE_IT222	EuSCAPE_IE024	5	11	6	45.5
EuSCAPE_IT222	EuSCAPE_IT152	5	7	2	71.4
EuSCAPE_IT222	EuSCAPE_IT222	7	7	0	100.0
EuSCAPE_IT222	EuSCAPE_IT242	5	7	2	71.4
EuSCAPE_IT222	EuSCAPE_PL039	3	13	10	23.1
EuSCAPE_IT242	EuSCAPE_AT022	3	7	4	42.9
EuSCAPE_IT242	EuSCAPE_BE091	5	5	0	100.0
EuSCAPE_IT242	EuSCAPE_BE098	5	7	2	71.4
EuSCAPE_IT242	EuSCAPE_DE016	1	13	12	7.7
EuSCAPE_IT242	EuSCAPE_GR158	2	12	10	16.7
EuSCAPE_IT242	EuSCAPE_IE024	3	11	8	27.3
EuSCAPE_IT242	EuSCAPE_IT152	5	5	0	100.0
EuSCAPE_IT242	EuSCAPE_IT222	5	7	2	71.4
EuSCAPE_IT242	EuSCAPE_IT242	5	5	0	100.0
EuSCAPE_IT242	EuSCAPE_PL039	2	12	10	16.7
EuSCAPE_PL039	EuSCAPE_AT022	1	13	12	7.7
EuSCAPE_PL039	EuSCAPE_BE091	2	12	10	16.7
EuSCAPE_PL039	EuSCAPE_BE098	3	13	10	23.1
EuSCAPE_PL039	EuSCAPE_DE016	4	14	10	28.6
EuSCAPE_PL039	EuSCAPE_GR158	6	12	6	50.0
EuSCAPE_PL039	EuSCAPE_IE024	2	16	14	12.5
EuSCAPE_PL039	EuSCAPE_IT152	2	12	10	16.7
EuSCAPE_PL039	EuSCAPE_IT222	3	13	10	23.1
EuSCAPE_PL039	EuSCAPE_IT242	2	12	10	16.7
EuSCAPE_PL039	EuSCAPE_PL039	9	9	0	100.0
