sample_a	sample_b	shared_facts	a_only_facts	b_only_facts
EuSCAPE_AT022	EuSCAPE_AT022	entity>plasmid; entity>transposon:tn4401a; entity>res_site:tn4401; entity>gene:blakpc-2; contains>plasmid>transposon:tn4401a; contains>transposon:tn4401a>res_site:tn4401; contains>transposon:tn4401a>gene:blakpc-2	-	-
EuSCAPE_AT022	EuSCAPE_BE091	entity>plasmid; entity>transposon:tn4401a; entity>res_site:tn4401; contains>plasmid>transposon:tn4401a; contains>transposon:tn4401a>res_site:tn4401	entity>gene:blakpc-2; contains>transposon:tn4401a>gene:blakpc-2	entity>gene:blakpc-3; contains>transposon:tn4401a>gene:blakpc-3
EuSCAPE_AT022	EuSCAPE_BE098	entity>plasmid; entity>transposon:tn4401a; entity>res_site:tn4401; contains>plasmid>transposon:tn4401a; contains>transposon:tn4401a>res_site:tn4401	entity>gene:blakpc-2; contains>transposon:tn4401a>gene:blakpc-2	entity>is:is1182; entity>gene:blakpc-3; contains>transposon:tn4401a>is:is1182; contains>transposon:tn4401a>gene:blakpc-3
EuSCAPE_AT022	EuSCAPE_DE016	entity>plasmid; entity>res_site:tn4401; entity>gene:blakpc-2	entity>transposon:tn4401a; contains>plasmid>transposon:tn4401a; contains>transposon:tn4401a>res_site:tn4401; contains>transposon:tn4401a>gene:blakpc-2	entity>transposon:tn4401; entity>is:is21; contains>plasmid>transposon:tn4401; contains>transposon:tn4401>is:is21; contains>transposon:tn4401>res_site:tn4401; contains>transposon:tn4401>gene:blakpc-2
EuSCAPE_AT022	EuSCAPE_GR158	entity>plasmid; entity>res_site:tn4401	entity>transposon:tn4401a; entity>gene:blakpc-2; contains>plasmid>transposon:tn4401a; contains>transposon:tn4401a>res_site:tn4401; contains>transposon:tn4401a>gene:blakpc-2	entity>transposon:tn4401; entity>is:is21; entity>gene:blakpc-3; contains>plasmid>transposon:tn4401; contains>transposon:tn4401>is:is21; contains>transposon:tn4401>res_site:tn4401; contains>transposon:tn4401>gene:blakpc-3
EuSCAPE_AT022	EuSCAPE_IE024	entity>plasmid; entity>transposon:tn4401a; entity>res_site:tn4401; entity>gene:blakpc-2; contains>plasmid>transposon:tn4401a; contains>transposon:tn4401a>res_site:tn4401; contains>transposon:tn4401a>gene:blakpc-2	-	entity>is:is21; contains>transposon:tn4401a>is:is21
EuSCAPE_AT022	EuSCAPE_IT152	entity>plasmid; entity>transposon:tn4401a; entity>res_site:tn4401; contains>plasmid>transposon:tn4401a; contains>transposon:tn4401a>res_site:tn4401	entity>gene:blakpc-2; contains>transposon:tn4401a>gene:blakpc-2	entity>gene:blakpc-3; contains>transposon:tn4401a>gene:blakpc-3
EuSCAPE_AT022	EuSCAPE_IT222	entity>plasmid; entity>transposon:tn4401a; entity>res_site:tn4401; contains>plasmid>transposon:tn4401a; contains>transposon:tn4401a>res_site:tn4401	entity>gene:blakpc-2; contains>transposon:tn4401a>gene:blakpc-2	entity>gene:blakpc-3; contains>transposon:tn4401a>gene:blakpc-3
EuSCAPE_AT022	EuSCAPE_IT242	entity>plasmid; entity>transposon:tn4401a; entity>res_site:tn4401; contains>plasmid>transposon:tn4401a; contains>transposon:tn4401a>res_site:tn4401	entity>gene:blakpc-2; contains>transposon:tn4401a>gene:blakpc-2	entity>gene:blakpc-3; contains>transposon:tn4401a>gene:blakpc-3
EuSCAPE_AT022	EuSCAPE_PL039	entity>plasmid; entity>res_site:tn4401	entity>transposon:tn4401a; entity>gene:blakpc-2; contains>plasmid>transposon:tn4401a; contains>transposon:tn4401a>res_site:tn4401; contains>transposon:tn4401a>gene:blakpc-2	entity>transposon:tn4401; entity>is:is1182; entity>gene:blakpc-3; contains>plasmid>transposon:tn4401; contains>transposon:tn4401>res_site:tn4401; contains>transposon:tn4401>is:is1182; contains>transposon:tn4401>gene:blakpc-3
EuSCAPE_BE091	EuSCAPE_AT022	entity>plasmid; entity>transposon:tn4401a; entity>res_site:tn4401; contains>plasmid>transposon:tn4401a; contains>transposon:tn4401a>res_site:tn4401	entity>gene:blakpc-3; contains>transposon:tn4401a>gene:blakpc-3	entity>gene:blakpc-2; contains>transposon:tn4401a>gene:blakpc-2
EuSCAPE_BE091	EuSCAPE_BE091	entity>plasmid; entity>transposon:tn4401a; entity>res_site:tn4401; entity>gene:blakpc-3; contains>plasmid>transposon:tn4401a; contains>transposon:tn4401a>res_site:tn4401; contains>transposon:tn4401a>gene:blakpc-3	-	-
EuSCAPE_BE091	EuSCAPE_BE098	entity>plasmid; entity>transposon:tn4401a; entity>res_site:tn4401; entity>gene:blakpc-3; contains>plasmid>transposon:tn4401a; contains>transposon:tn4401a>res_site:tn4401; contains>transposon:tn4401a>gene:blakpc-3	-	entity>is:is1182; contains>transposon:tn4401a>is:is1182
EuSCAPE_BE091	EuSCAPE_DE016	entity>plasmid; entity>res_site:tn4401	entity>transposon:tn4401a; entity>gene:blakpc-3; contains>plasmid>transposon:tn4401a; contains>transposon:tn4401a>res_site:tn4401; contains>transposon:tn4401a>gene:blakpc-3	entity>transposon:tn4401; entity>is:is21; entity>gene:blakpc-2; contains>plasmid>transposon:tn4401; contains>transposon:tn4401>is:is21; contains>transposon:tn4401>res_site:tn4401; contains>transposon:tn4401>gene:blakpc-2
EuSCAPE_BE091	EuSCAPE_GR158	entity>plasmid; entity>res_site:tn4401; entity>gene:blakpc-3	entity>transposon:tn4401a; contains>plasmid>transposon:tn4401a; contains>transposon:tn4401a>res_site:tn4401; contains>transposon:tn4401a>gene:blakpc-3	entity>transposon:tn4401; entity>is:is21; contains>plasmid>transposon:tn4401; contains>transposon:tn4401>is:is21; contains>transposon:tn4401>res_site:tn4401; contains>transposon:tn4401>gene:blakpc-3
EuSCAPE_BE091	EuSCAPE_IE024	entity>plasmid; entity>transposon:tn4401a; entity>res_site:tn4401; contains>plasmid>transposon:tn4401a; contains>transposon:tn4401a>res_site:tn4401	entity>gene:blakpc-3; contains>transposon:tn4401a>gene:blakpc-3	entity>is:is21; entity>gene:blakpc-2; contains>transposon:tn4401a>is:is21; contains>transposon:tn4401a>gene:blakpc-2
EuSCAPE_BE091	EuSCAPE_IT152	entity>plasmid; entity>transposon:tn4401a; entity>res_site:tn4401; entity>gene:blakpc-3; contains>plasmid>transposon:tn4401a; contains>transposon:tn4401a>res_site:tn4401; contains>transposon:tn4401a>gene:blakpc-3	-	-
EuSCAPE_BE091	EuSCAPE_IT222	entity>plasmid; entity>transposon:tn4401a; entity>res_site:tn4401; entity>gene:blakpc-3; contains>plasmid>transposon:tn4401a; contains>transposon:tn4401a>res_site:tn4401; contains>transposon:tn4401a>gene:blakpc-3	-	-
EuSCAPE_BE091	EuSCAPE_IT242	entity>plasmid; entity>transposon:tn4401a; entity>res_site:tn4401; entity>gene:blakpc-3; contains>plasmid>transposon:tn4401a; contains>transposon:tn4401a>res_site:tn4401; contains>transposon:tn4401a>gene:blakpc-3	-	-
EuSCAPE_BE091	EuSCAPE_PL039	entity>plasmid; entity>res_site:tn4401; entity>gene:blakpc-3	entity>transposon:tn4401a; contains>plasmid>transposon:tn4401a; contains>transposon:tn4401a>res_site:tn4401; contains>transposon:tn4401a>gene:blakpc-3	entity>transposon:tn4401; entity>is:is1182; contains>plasmid>transposon:tn4401; contains>transposon:tn4401>res_site:tn4401; contains>transposon:tn4401>is:is1182; contains>transposon:tn4401>gene:blakpc-3
EuSCAPE_BE098	EuSCAPE_AT022	entity>plasmid; entity>transposon:tn4401a; entity>res_site:tn4401; contains>plasmid>transposon:tn4401a; contains>transposon:tn4401a>res_site:tn4401	entity>is:is1182; entity>gene:blakpc-3; contains>transposon:tn4401a>is:is1182; contains>transposon:tn4401a>gene:blakpc-3	entity>gene:blakpc-2; contains>transposon:tn4401a>gene:blakpc-2
EuSCAPE_BE098	EuSCAPE_BE091	entity>plasmid; entity>transposon:tn4401a; entity>res_site:tn4401; entity>gene:blakpc-3; contains>plasmid>transposon:tn4401a; contains>transposon:tn4401a>res_site:tn4401; contains>transposon:tn4401a>gene:blakpc-3	entity>is:is1182; contains>transposon:tn4401a>is:is1182	-
EuSCAPE_BE098	EuSCAPE_BE098	entity>plasmid; entity>transposon:tn4401a; entity>res_site:tn4401; entity>is:is1182; entity>gene:blakpc-3; contains>plasmid>transposon:tn4401a; contains>transposon:tn4401a>res_site:tn4401; contains>transposon:tn4401a>is:is1182; contains>transposon:tn4401a>gene:blakpc-3	-	-
EuSCAPE_BE098	EuSCAPE_DE016	entity>plasmid; entity>res_site:tn4401	entity>transposon:tn4401a; entity>is:is1182; entity>gene:blakpc-3; contains>plasmid>transposon:tn4401a; contains>transposon:tn4401a>res_site:tn4401; contains>transposon:tn4401a>is:is1182; contains>transposon:tn4401a>gene:blakpc-3	entity>transposon:tn4401; entity>is:is21; entity>gene:blakpc-2; contains>plasmid>transposon:tn4401; contains>transposon:tn4401>is:is21; contains>transposon:tn4401>res_site:tn4401; contains>transposon:tn4401>gene:blakpc-2
EuSCAPE_BE098	EuSCAPE_GR158	entity>plasmid; entity>res_site:tn4401; entity>gene:blakpc-3	entity>transposon:tn4401a; entity>is:is1182; contains>plasmid>transposon:tn4401a; contains>transposon:tn4401a>res_site:tn4401; contains>transposon:tn4401a>is:is1182; contains>transposon:tn4401a>gene:blakpc-3	entity>transposon:tn4401; entity>is:is21; contains>plasmid>transposon:tn4401; contains>transposon:tn4401>is:is21; contains>transposon:tn4401>res_site:tn4401; contains>transposon:tn4401>gene:blakpc-3
EuSCAPE_BE098	EuSCAPE_IE024	entity>plasmid; entity>transposon:tn4401a; entity>res_site:tn4401; contains>plasmid>transposon:tn4401a; contains>transposon:tn4401a>res_site:tn4401	entity>is:is1182; entity>gene:blakpc-3; contains>transposon:tn4401a>is:is1182; contains>transposon:tn4401a>gene:blakpc-3	entity>is:is21; entity>gene:blakpc-2; contains>transposon:tn4401a>is:is21; contains>transposon:tn4401a>gene:blakpc-2
EuSCAPE_BE098	EuSCAPE_IT152	entity>plasmid; entity>transposon:tn4401a; entity>res_site:tn4401; entity>gene:blakpc-3; contains>plasmid>transposon:tn4401a; contains>transposon:tn4401a>res_site:tn4401; contains>transposon:tn4401a>gene:blakpc-3	entity>is:is1182; contains>transposon:tn4401a>is:is1182	-
EuSCAPE_BE098	EuSCAPE_IT222	entity>plasmid; entity>transposon:tn4401a; entity>res_site:tn4401; entity>gene:blakpc-3; contains>plasmid>transposon:tn4401a; contains>transposon:tn4401a>res_site:tn4401; contains>transposon:tn4401a>gene:blakpc-3	entity>is:is1182; contains>transposon:tn4401a>is:is1182	-
EuSCAPE_BE098	EuSCAPE_IT242	entity>plasmid; entity>transposon:tn4401a; entity>res_site:tn4401; entity>gene:blakpc-3; contains>plasmid>transposon:tn4401a; contains>transposon:tn4401a>res_site:tn4401; contains>transposon:tn4401a>gene:blakpc-3	entity>is:is1182; contains>transposon:tn4401a>is:is1182	-
EuSCAPE_BE098	EuSCAPE_PL039	entity>plasmid; entity>res_site:tn4401; entity>is:is1182; entity>gene:blakpc-3	entity>transposon:tn4401a; contains>plasmid>transposon:tn4401a; contains>transposon:tn4401a>res_site:tn4401; contains>transposon:tn4401a>is:is1182; contains>transposon:tn4401a>gene:blakpc-3	entity>transposon:tn4401; contains>plasmid>transposon:tn4401; contains>transposon:tn4401>res_site:tn4401; contains>transposon:tn4401>is:is1182; contains>transposon:tn4401>gene:blakpc-3
EuSCAPE_DE016	EuSCAPE_AT022	entity>plasmid; entity>res_site:tn4401; entity>gene:blakpc-2	entity>transposon:tn4401; entity>is:is21; contains>plasmid>transposon:tn4401; contains>transposon:tn4401>is:is21; contains>transposon:tn4401>res_site:tn4401; contains>transposon:tn4401>gene:blakpc-2	entity>transposon:tn4401a; contains>plasmid>transposon:tn4401a; contains>transposon:tn4401a>res_site:tn4401; contains>transposon:tn4401a>gene:blakpc-2
EuSCAPE_DE016	EuSCAPE_BE091	entity>plasmid; entity>res_site:tn4401	entity>transposon:tn4401; entity>is:is21; entity>gene:blakpc-2; contains>plasmid>transposon:tn4401; contains>transposon:tn4401>is:is21; contains>transposon:tn4401>res_site:tn4401; contains>transposon:tn4401>gene:blakpc-2	entity>transposon:tn4401a; entity>gene:blakpc-3; contains>plasmid>transposon:tn4401a; contains>transposon:tn4401a>res_site:tn4401; contains>transposon:tn4401a>gene:blakpc-3
EuSCAPE_DE016	EuSCAPE_BE098	entity>plasmid; entity>res_site:tn4401	entity>transposon:tn4401; entity>is:is21; entity>gene:blakpc-2; contains>plasmid>transposon:tn4401; contains>transposon:tn4401>is:is21; contains>transposon:tn4401>res_site:tn4401; contains>transposon:tn4401>gene:blakpc-2	entity>transposon:tn4401a; entity>is:is1182; entity>gene:blakpc-3; contains>plasmid>transposon:tn4401a; contains>transposon:tn4401a>res_site:tn4401; contains>transposon:tn4401a>is:is1182; contains>transposon:tn4401a>gene:blakpc-3
EuSCAPE_DE016	EuSCAPE_DE016	entity>plasmid; entity>transposon:tn4401; entity>is:is21; entity>res_site:tn4401; entity>gene:blakpc-2; contains>plasmid>transposon:tn4401; contains>transposon:tn4401>is:is21; contains>transposon:tn4401>res_site:tn4401; contains>transposon:tn4401>gene:blakpc-2	-	-
EuSCAPE_DE016	EuSCAPE_GR158	entity>plasmid; entity>transposon:tn4401; entity>is:is21; entity>res_site:tn4401; contains>plasmid>transposon:tn4401; contains>transposon:tn4401>is:is21; contains>transposon:tn4401>res_site:tn4401	entity>gene:blakpc-2; contains>transposon:tn4401>gene:blakpc-2	entity>gene:blakpc-3; contains>transposon:tn4401>gene:blakpc-3
EuSCAPE_DE016	EuSCAPE_IE024	entity>plasmid; entity>is:is21; entity>res_site:tn4401; entity>gene:blakpc-2	entity>transposon:tn4401; contains>plasmid>transposon:tn4401; contains>transposon:tn4401>is:is21; contains>transposon:tn4401>res_site:tn4401; contains>transposon:tn4401>gene:blakpc-2	entity>transposon:tn4401a; contains>plasmid>transposon:tn4401a; contains>transposon:tn4401a>res_site:tn4401; contains>transposon:tn4401a>is:is21; contains>transposon:tn4401a>gene:blakpc-2
EuSCAPE_DE016	EuSCAPE_IT152	entity>plasmid; entity>res_site:tn4401	entity>transposon:tn4401; entity>is:is21; entity>gene:blakpc-2; contains>plasmid>transposon:tn4401; contains>transposon:tn4401>is:is21; contains>transposon:tn4401>res_site:tn4401; contains>transposon:tn4401>gene:blakpc-2	entity>transposon:tn4401a; entity>gene:blakpc-3; contains>plasmid>transposon:tn4401a; contains>transposon:tn4401a>res_site:tn4401; contains>transposon:tn4401a>gene:blakpc-3
EuSCAPE_DE016	EuSCAPE_IT222	entity>plasmid; entity>res_site:tn4401	entity>transposon:tn4401; entity>is:is21; entity>gene:blakpc-2; contains>plasmid>transposon:tn4401; contains>transposon:tn4401>is:is21; contains>transposon:tn4401>res_site:tn4401; contains>transposon:tn4401>gene:blakpc-2	entity>transposon:tn4401a; entity>gene:blakpc-3; contains>plasmid>transposon:tn4401a; contains>transposon:tn4401a>res_site:tn4401; contains>transposon:tn4401a>gene:blakpc-3
EuSCAPE_DE016	EuSCAPE_IT242	entity>plasmid; entity>res_site:tn4401	entity>transposon:tn4401; entity>is:is21; entity>gene:blakpc-2; contains>plasmid>transposon:tn4401; contains>transposon:tn4401>is:is21; contains>transposon:tn4401>res_site:tn4401; contains>transposon:tn4401>gene:blakpc-2	entity>transposon:tn4401a; entity>gene:blakpc-3; contains>plasmid>transposon:tn4401a; contains>transposon:tn4401a>res_site:tn4401; contains>transposon:tn4401a>gene:blakpc-3
EuSCAPE_DE016	EuSCAPE_PL039	entity>plasmid; entity>transposon:tn4401; entity>res_site:tn4401; contains>plasmid>transposon:tn4401; contains>transposon:tn4401>res_site:tn4401	entity>is:is21; entity>gene:blakpc-2; contains>transposon:tn4401>is:is21; contains>transposon:tn4401>gene:blakpc-2	entity>is:is1182; entity>gene:blakpc-3; contains>transposon:tn4401>is:is1182; contains>transposon:tn4401>gene:blakpc-3
EuSCAPE_GR158	EuSCAPE_AT022	entity>plasmid; entity>res_site:tn4401	entity>transposon:tn4401; entity>is:is21; entity>gene:blakpc-3; contains>plasmid>transposon:tn4401; contains>transposon:tn4401>is:is21; contains>transposon:tn4401>res_site:tn4401; contains>transposon:tn4401>gene:blakpc-3	entity>transposon:tn4401a; entity>gene:blakpc-2; contains>plasmid>transposon:tn4401a; contains>transposon:tn4401a>res_site:tn4401; contains>transposon:tn4401a>gene:blakpc-2
EuSCAPE_GR158	EuSCAPE_BE091	entity>plasmid; entity>res_site:tn4401; entity>gene:blakpc-3	entity>transposon:tn4401; entity>is:is21; contains>plasmid>transposon:tn4401; contains>transposon:tn4401>is:is21; contains>transposon:tn4401>res_site:tn4401; contains>transposon:tn4401>gene:blakpc-3	entity>transposon:tn4401a; contains>plasmid>transposon:tn4401a; contains>transposon:tn4401a>res_site:tn4401; contains>transposon:tn4401a>gene:blakpc-3
EuSCAPE_GR158	EuSCAPE_BE098	entity>plasmid; entity>res_site:tn4401; entity>gene:blakpc-3	entity>transposon:tn4401; entity>is:is21; contains>plasmid>transposon:tn4401; contains>transposon:tn4401>is:is21; contains>transposon:tn4401>res_site:tn4401; contains>transposon:tn4401>gene:blakpc-3	entity>transposon:tn4401a; entity>is:is1182; contains>plasmid>transposon:tn4401a; contains>transposon:tn4401a>res_site:tn4401; contains>transposon:tn4401a>is:is1182; contains>transposon:tn4401a>gene:blakpc-3
EuSCAPE_GR158	EuSCAPE_DE016	entity>plasmid; entity>transposon:tn4401; entity>is:is21; entity>res_site:tn4401; contains>plasmid>transposon:tn4401; contains>transposon:tn4401>is:is21; contains>transposon:tn4401>res_site:tn4401	entity>gene:blakpc-3; contains>transposon:tn4401>gene:blakpc-3	entity>gene:blakpc-2; contains>transposon:tn4401>gene:blakpc-2
EuSCAPE_GR158	EuSCAPE_GR158	entity>plasmid; entity>transposon:tn4401; entity>is:is21; entity>res_site:tn4401; entity>gene:blakpc-3; contains>plasmid>transposon:tn4401; contains>transposon:tn4401>is:is21; contains>transposon:tn4401>res_site:tn4401; contains>transposon:tn4401>gene:blakpc-3	-	-
EuSCAPE_GR158	EuSCAPE_IE024	entity>plasmid; entity>is:is21; entity>res_site:tn4401	entity>transposon:tn4401; entity>gene:blakpc-3; contains>plasmid>transposon:tn4401; contains>transposon:tn4401>is:is21; contains>transposon:tn4401>res_site:tn4401; contains>transposon:tn4401>gene:blakpc-3	entity>transposon:tn4401a; entity>gene:blakpc-2; contains>plasmid>transposon:tn4401a; contains>transposon:tn4401a>res_site:tn4401; contains>transposon:tn4401a>is:is21; contains>transposon:tn4401a>gene:blakpc-2
EuSCAPE_GR158	EuSCAPE_IT152	entity>plasmid; entity>res_site:tn4401; entity>gene:blakpc-3	entity>transposon:tn4401; entity>is:is21; contains>plasmid>transposon:tn4401; contains>transposon:tn4401>is:is21; contains>transposon:tn4401>res_site:tn4401; contains>transposon:tn4401>gene:blakpc-3	entity>transposon:tn4401a; contains>plasmid>transposon:tn4401a; contains>transposon:tn4401a>res_site:tn4401; contains>transposon:tn4401a>gene:blakpc-3
EuSCAPE_GR158	EuSCAPE_IT222	entity>plasmid; entity>res_site:tn4401; entity>gene:blakpc-3	entity>transposon:tn4401; entity>is:is21; contains>plasmid>transposon:tn4401; contains>transposon:tn4401>is:is21; contains>transposon:tn4401>res_site:tn4401; contains>transposon:tn4401>gene:blakpc-3	entity>transposon:tn4401a; contains>plasmid>transposon:tn4401a; contains>transposon:tn4401a>res_site:tn4401; contains>transposon:tn4401a>gene:blakpc-3
EuSCAPE_GR158	EuSCAPE_IT242	entity>plasmid; entity>res_site:tn4401; entity>gene:blakpc-3	entity>transposon:tn4401; entity>is:is21; contains>plasmid>transposon:tn4401; contains>transposon:tn4401>is:is21; contains>transposon:tn4401>res_site:tn4401; contains>transposon:tn4401>gene:blakpc-3	entity>transposon:tn4401a; contains>plasmid>transposon:tn4401a; contains>transposon:tn4401a>res_site:tn4401; contains>transposon:tn4401a>gene:blakpc-3
EuSCAPE_GR158	EuSCAPE_PL039	entity>plasmid; entity>transposon:tn4401; entity>res_site:tn4401; entity>gene:blakpc-3; contains>plasmid>transposon:tn4401; contains>transposon:tn4401>res_site:tn4401; contains>transposon:tn4401>gene:blakpc-3	entity>is:is21; contains>transposon:tn4401>is:is21	entity>is:is1182; contains>transposon:tn4401>is:is1182
EuSCAPE_IE024	EuSCAPE_AT022	entity>plasmid; entity>transposon:tn4401a; entity>res_site:tn4401; entity>gene:blakpc-2; contains>plasmid>transposon:tn4401a; contains>transposon:tn4401a>res_site:tn4401; contains>transposon:tn4401a>gene:blakpc-2	entity>is:is21; contains>transposon:tn4401a>is:is21	-
EuSCAPE_IE024	EuSCAPE_BE091	entity>plasmid; entity>transposon:tn4401a; entity>res_site:tn4401; contains>plasmid>transposon:tn4401a; contains>transposon:tn4401a>res_site:tn4401	entity>is:is21; entity>gene:blakpc-2; contains>transposon:tn4401a>is:is21; contains>transposon:tn4401a>gene:blakpc-2	entity>gene:blakpc-3; contains>transposon:tn4401a>gene:blakpc-3
EuSCAPE_IE024	EuSCAPE_BE098	entity>plasmid; entity>transposon:tn4401a; entity>res_site:tn4401; contains>plasmid>transposon:tn4401a; contains>transposon:tn4401a>res_site:tn4401	entity>is:is21; entity>gene:blakpc-2; contains>transposon:tn4401a>is:is21; contains>transposon:tn4401a>gene:blakpc-2	entity>is:is1182; entity>gene:blakpc-3; contains>transposon:tn4401a>is:is1182; contains>transposon:tn4401a>gene:blakpc-3
EuSCAPE_IE024	EuSCAPE_DE016	entity>plasmid; entity>res_site:tn4401; entity>is:is21; entity>gene:blakpc-2	entity>transposon:tn4401a; contains>plasmid>transposon:tn4401a; contains>transposon:tn4401a>res_site:tn4401; contains>transposon:tn4401a>is:is21; contains>transposon:tn4401a>gene:blakpc-2	entity>transposon:tn4401; contains>plasmid>transposon:tn4401; contains>transposon:tn4401>is:is21; contains>transposon:tn4401>res_site:tn4401; contains>transposon:tn4401>gene:blakpc-2
EuSCAPE_IE024	EuSCAPE_GR158	entity>plasmid; entity>res_site:tn4401; entity>is:is21	entity>transposon:tn4401a; entity>gene:blakpc-2; contains>plasmid>transposon:tn4401a; contains>transposon:tn4401a>res_site:tn4401; contains>transposon:tn4401a>is:is21; contains>transposon:tn4401a>gene:blakpc-2	entity>transposon:tn4401; entity>gene:blakpc-3; contains>plasmid>transposon:tn4401; contains>transposon:tn4401>is:is21; contains>transposon:tn4401>res_site:tn4401; contains>transposon:tn4401>gene:blakpc-3
EuSCAPE_IE024	EuSCAPE_IE024	entity>plasmid; entity>transposon:tn4401a; entity>res_site:tn4401; entity>is:is21; entity>gene:blakpc-2; contains>plasmid>transposon:tn4401a; contains>transposon:tn4401a>res_site:tn4401; contains>transposon:tn4401a>is:is21; contains>transposon:tn4401a>gene:blakpc-2	-	-
EuSCAPE_IE024	EuSCAPE_IT152	entity>plasmid; entity>transposon:tn4401a; entity>res_site:tn4401; contains>plasmid>transposon:tn4401a; contains>transposon:tn4401a>res_site:tn4401	entity>is:is21; entity>gene:blakpc-2; contains>transposon:tn4401a>is:is21; contains>transposon:tn4401a>gene:blakpc-2	entity>gene:blakpc-3; contains>transposon:tn4401a>gene:blakpc-3
EuSCAPE_IE024	EuSCAPE_IT222	entity>plasmid; entity>transposon:tn4401a; entity>res_site:tn4401; contains>plasmid>transposon:tn4401a; contains>transposon:tn4401a>res_site:tn4401	entity>is:is21; entity>gene:blakpc-2; contains>transposon:tn4401a>is:is21; contains>transposon:tn4401a>gene:blakpc-2	entity>gene:blakpc-3; contains>transposon:tn4401a>gene:blakpc-3
EuSCAPE_IE024	EuSCAPE_IT242	entity>plasmid; entity>transposon:tn4401a; entity>res_site:tn4401; contains>plasmid>transposon:tn4401a; contains>transposon:tn4401a>res_site:tn4401	entity>is:is21; entity>gene:blakpc-2; contains>transposon:tn4401a>is:is21; contains>transposon:tn4401a>gene:blakpc-2	entity>gene:blakpc-3; contains>transposon:tn4401a>gene:blakpc-3
EuSCAPE_IE024	EuSCAPE_PL039	entity>plasmid; entity>res_site:tn4401	entity>transposon:tn4401a; entity>is:is21; entity>gene:blakpc-2; contains>plasmid>transposon:tn4401a; contains>transposon:tn4401a>res_site:tn4401; contains>transposon:tn4401a>is:is21; contains>transposon:tn4401a>gene:blakpc-2	entity>transposon:tn4401; entity>is:is1182; entity>gene:blakpc-3; contains>plasmid>transposon:tn4401; contains>transposon:tn4401>res_site:tn4401; contains>transposon:tn4401>is:is1182; contains>transposon:tn4401>gene:blakpc-3
EuSCAPE_IT152	EuSCAPE_AT022	entity>plasmid; entity>transposon:tn4401a; entity>res_site:tn4401; contains>plasmid>transposon:tn4401a; contains>transposon:tn4401a>res_site:tn4401	entity>gene:blakpc-3; contains>transposon:tn4401a>gene:blakpc-3	entity>gene:blakpc-2; contains>transposon:tn4401a>gene:blakpc-2
EuSCAPE_IT152	EuSCAPE_BE091	entity>plasmid; entity>transposon:tn4401a; entity>res_site:tn4401; entity>gene:blakpc-3; contains>plasmid>transposon:tn4401a; contains>transposon:tn4401a>res_site:tn4401; contains>transposon:tn4401a>gene:blakpc-3	-	-
EuSCAPE_IT152	EuSCAPE_BE098	entity>plasmid; entity>transposon:tn4401a; entity>res_site:tn4401; entity>gene:blakpc-3; contains>plasmid>transposon:tn4401a; contains>transposon:tn4401a>res_site:tn4401; contains>transposon:tn4401a>gene:blakpc-3	-	entity>is:is1182; contains>transposon:tn4401a>is:is1182
EuSCAPE_IT152	EuSCAPE_DE016	entity>plasmid; entity>res_site:tn4401	entity>transposon:tn4401a; entity>gene:blakpc-3; contains>plasmid>transposon:tn4401a; contains>transposon:tn4401a>res_site:tn4401; contains>transposon:tn4401a>gene:blakpc-3	entity>transposon:tn4401; entity>is:is21; entity>gene:blakpc-2; contains>plasmid>transposon:tn4401; contains>transposon:tn4401>is:is21; contains>transposon:tn4401>res_site:tn4401; contains>transposon:tn4401>gene:blakpc-2
EuSCAPE_IT152	EuSCAPE_GR158	entity>plasmid; entity>res_site:tn4401; entity>gene:blakpc-3	entity>transposon:tn4401a; contains>plasmid>transposon:tn4401a; contains>transposon:tn4401a>res_site:tn4401; contains>transposon:tn4401a>gene:blakpc-3	entity>transposon:tn4401; entity>is:is21; contains>plasmid>transposon:tn4401; contains>transposon:tn4401>is:is21; contains>transposon:tn4401>res_site:tn4401; contains>transposon:tn4401>gene:blakpc-3
EuSCAPE_IT152	EuSCAPE_IE024	entity>plasmid; entity>transposon:tn4401a; entity>res_site:tn4401; contains>plasmid>transposon:tn4401a; contains>transposon:tn4401a>res_site:tn4401	entity>gene:blakpc-3; contains>transposon:tn4401a>gene:blakpc-3	entity>is:is21; entity>gene:blakpc-2; contains>transposon:tn4401a>is:is21; contains>transposon:tn4401a>gene:blakpc-2
EuSCAPE_IT152	EuSCAPE_IT152	entity>plasmid; entity>transposon:tn4401a; entity>res_site:tn4401; entity>gene:blakpc-3; contains>plasmid>transposon:tn4401a; contains>transposon:tn4401a>res_site:tn4401; contains>transposon:tn4401a>gene:blakpc-3	-	-
EuSCAPE_IT152	EuSCAPE_IT222	entity>plasmid; entity>transposon:tn4401a; entity>res_site:tn4401; entity>gene:blakpc-3; contains>plasmid>transposon:tn4401a; contains>transposon:tn4401a>res_site:tn4401; contains>transposon:tn4401a>gene:blakpc-3	-	-
EuSCAPE_IT152	EuSCAPE_IT242	entity>plasmid; entity>transposon:tn4401a; entity>res_site:tn4401; entity>gene:blakpc-3; contains>plasmid>transposon:tn4401a; contains>transposon:tn4401a>res_site:tn4401; contains>transposon:tn4401a>gene:blakpc-3	-	-
EuSCAPE_IT152	EuSCAPE_PL039	entity>plasmid; entity>res_site:tn4401; entity>gene:blakpc-3	entity>transposon:tn4401a; contains>plasmid>transposon:tn4401a; contains>transposon:tn4401a>res_site:tn4401; contains>transposon:tn4401a>gene:blakpc-3	entity>transposon:tn4401; entity>is:is1182; contains>plasmid>transposon:tn4401; contains>transposon:tn4401>res_site:tn4401; contains>transposon:tn4401>is:is1182; contains>transposon:tn4401>gene:blakpc-3
EuSCAPE_IT222	EuSCAPE_AT022	entity>plasmid; entity>transposon:tn4401a; entity>res_site:tn4401; contains>plasmid>transposon:tn4401a; contains>transposon:tn4401a>res_site:tn4401	entity>gene:blakpc-3; contains>transposon:tn4401a>gene:blakpc-3	entity>gene:blakpc-2; contains>transposon:tn4401a>gene:blakpc-2
EuSCAPE_IT222	EuSCAPE_BE091	entity>plasmid; entity>transposon:tn4401a; entity>res_site:tn4401; entity>gene:blakpc-3; contains>plasmid>transposon:tn4401a; contains>transposon:tn4401a>res_site:tn4401; contains>transposon:tn4401a>gene:blakpc-3	-	-
EuSCAPE_IT222	EuSCAPE_BE098	entity>plasmid; entity>transposon:tn4401a; entity>res_site:tn4401; entity>gene:blakpc-3; contains>plasmid>transposon:tn4401a; contains>transposon:tn4401a>res_site:tn4401; contains>transposon:tn4401a>gene:blakpc-3	-	entity>is:is1182; contains>transposon:tn4401a>is:is1182
EuSCAPE_IT222	EuSCAPE_DE016	entity>plasmid; entity>res_site:tn4401	entity>transposon:tn4401a; entity>gene:blakpc-3; contains>plasmid>transposon:tn4401a; contains>transposon:tn4401a>res_site:tn4401; contains>transposon:tn4401a>gene:blakpc-3	entity>transposon:tn4401; entity>is:is21; entity>gene:blakpc-2; contains>plasmid>transposon:tn4401; contains>transposon:tn4401>is:is21; contains>transposon:tn4401>res_site:tn4401; contains>transposon:tn4401>gene:blakpc-2
EuSCAPE_IT222	EuSCAPE_GR158	entity>plasmid; entity>res_site:tn4401; entity>gene:blakpc-3	entity>transposon:tn4401a; contains>plasmid>transposon:tn4401a; contains>transposon:tn4401a>res_site:tn4401; contains>transposon:tn4401a>gene:blakpc-3	entity>transposon:tn4401; entity>is:is21; contains>plasmid>transposon:tn4401; contains>transposon:tn4401>is:is21; contains>transposon:tn4401>res_site:tn4401; contains>transposon:tn4401>gene:blakpc-3
EuSCAPE_IT222	EuSCAPE_IE024	entity>plasmid; entity>transposon:tn4401a; entity>res_site:tn4401; contains>plasmid>transposon:tn4401a; contains>transposon:tn4401a>res_site:tn4401	entity>gene:blakpc-3; contains>transposon:tn4401a>gene:blakpc-3	entity>is:is21; entity>gene:blakpc-2; contains>transposon:tn4401a>is:is21; contains>transposon:tn4401a>gene:blakpc-2
EuSCAPE_IT222	EuSCAPE_IT152	entity>plasmid; entity>transposon:tn4401a; entity>res_site:tn4401; entity>gene:blakpc-3; contains>plasmid>transposon:tn4401a; contains>transposon:tn4401a>res_site:tn4401; contains>transposon:tn4401a>gene:blakpc-3	-	-
EuSCAPE_IT222	EuSCAPE_IT222	entity>plasmid; entity>transposon:tn4401a; entity>res_site:tn4401; entity>gene:blakpc-3; contains>plasmid>transposon:tn4401a; contains>transposon:tn4401a>res_site:tn4401; contains>transposon:tn4401a>gene:blakpc-3	-	-
EuSCAPE_IT222	EuSCAPE_IT242	entity>plasmid; entity>transposon:tn4401a; entity>res_site:tn4401; entity>gene:blakpc-3; contains>plasmid>transposon:tn4401a; contains>transposon:tn4401a>res_site:tn4401; contains>transposon:tn4401a>gene:blakpc-3	-	-
EuSCAPE_IT222	EuSCAPE_PL039	entity>plasmid; entity>res_site:tn4401; entity>gene:blakpc-3	entity>transposon:tn4401a; contains>plasmid>transposon:tn4401a; contains>transposon:tn4401a>res_site:tn4401; contains>transposon:tn4401a>gene:blakpc-3	entity>transposon:tn4401; entity>is:is1182; contains>plasmid>transposon:tn4401; contains>transposon:tn4401>res_site:tn4401; contains>transposon:tn4401>is:is1182; contains>transposon:tn4401>gene:blakpc-3
EuSCAPE_IT242	EuSCAPE_AT022	entity>plasmid; entity>transposon:tn4401a; entity>res_site:tn4401; contains>plasmid>transposon:tn4401a; contains>transposon:tn4401a>res_site:tn4401	entity>gene:blakpc-3; contains>transposon:tn4401a>gene:blakpc-3	entity>gene:blakpc-2; contains>transposon:tn4401a>gene:blakpc-2
EuSCAPE_IT242	EuSCAPE_BE091	entity>plasmid; entity>transposon:tn4401a; entity>res_site:tn4401; entity>gene:blakpc-3; contains>plasmid>transposon:tn4401a; contains>transposon:tn4401a>res_site:tn4401; contains>transposon:tn4401a>gene:blakpc-3	-	-
EuSCAPE_IT242	EuSCAPE_BE098	entity>plasmid; entity>transposon:tn4401a; entity>res_site:tn4401; entity>gene:blakpc-3; contains>plasmid>transposon:tn4401a; contains>transposon:tn4401a>res_site:tn4401; contains>transposon:tn4401a>gene:blakpc-3	-	entity>is:is1182; contains>transposon:tn4401a>is:is1182
EuSCAPE_IT242	EuSCAPE_DE016	entity>plasmid; entity>res_site:tn4401	entity>transposon:tn4401a; entity>gene:blakpc-3; contains>plasmid>transposon:tn4401a; contains>transposon:tn4401a>res_site:tn4401; contains>transposon:tn4401a>gene:blakpc-3	entity>transposon:tn4401; entity>is:is21; entity>gene:blakpc-2; contains>plasmid>transposon:tn4401; contains>transposon:tn4401>is:is21; contains>transposon:tn4401>res_site:tn4401; contains>transposon:tn4401>gene:blakpc-2
EuSCAPE_IT242	EuSCAPE_GR158	entity>plasmid; entity>res_site:tn4401; entity>gene:blakpc-3	entity>transposon:tn4401a; contains>plasmid>transposon:tn4401a; contains>transposon:tn4401a>res_site:tn4401; contains>transposon:tn4401a>gene:blakpc-3	entity>transposon:tn4401; entity>is:is21; contains>plasmid>transposon:tn4401; contains>transposon:tn4401>is:is21; contains>transposon:tn4401>res_site:tn4401; contains>transposon:tn4401>gene:blakpc-3
EuSCAPE_IT242	EuSCAPE_IE024	entity>plasmid; entity>transposon:tn4401a; entity>res_site:tn4401; contains>plasmid>transposon:tn4401a; contains>transposon:tn4401a>res_site:tn4401	entity>gene:blakpc-3; contains>transposon:tn4401a>gene:blakpc-3	entity>is:is21; entity>gene:blakpc-2; contains>transposon:tn4401a>is:is21; contains>transposon:tn4401a>gene:blakpc-2
EuSCAPE_IT242	EuSCAPE_IT152	entity>plasmid; entity>transposon:tn4401a; entity>res_site:tn4401; entity>gene:blakpc-3; contains>plasmid>transposon:tn4401a; contains>transposon:tn4401a>res_site:tn4401; contains>transposon:tn4401a>gene:blakpc-3	-	-
EuSCAPE_IT242	EuSCAPE_IT222	entity>plasmid; entity>transposon:tn4401a; entity>res_site:tn4401; entity>gene:blakpc-3; contains>plasmid>transposon:tn4401a; contains>transposon:tn4401a>res_site:tn4401; contains>transposon:tn4401a>gene:blakpc-3	-	-
EuSCAPE_IT242	EuSCAPE_IT242	entity>plasmid; entity>transposon:tn4401a; entity>res_site:tn4401; entity>gene:blakpc-3; contains>plasmid>transposon:tn4401a; contains>transposon:tn4401a>res_site:tn4401; contains>transposon:tn4401a>gene:blakpc-3	-	-
EuSCAPE_IT242	EuSCAPE_PL039	entity>plasmid; entity>res_site:tn4401; entity>gene:blakpc-3	entity>transposon:tn4401a; contains>plasmid>transposon:tn4401a; contains>transposon:tn4401a>res_site:tn4401; contains>transposon:tn4401a>gene:blakpc-3	entity>transposon:tn4401; entity>is:is1182; contains>plasmid>transposon:tn4401; contains>transposon:tn4401>res_site:tn4401; contains>transposon:tn4401>is:is1182; contains>transposon:tn4401>gene:blakpc-3
EuSCAPE_PL039	EuSCAPE_AT022	entity>plasmid; entity>res_site:tn4401	entity>transposon:tn4401; entity>is:is1182; entity>gene:blakpc-3; contains>plasmid>transposon:tn4401; contains>transposon:tn4401>res_site:tn4401; contains>transposon:tn4401>is:is1182; contains>transposon:tn4401>gene:blakpc-3	entity>transposon:tn4401a; entity>gene:blakpc-2; contains>plasmid>transposon:tn4401a; contains>transposon:tn4401a>res_site:tn4401; contains>transposon:tn4401a>gene:blakpc-2
EuSCAPE_PL039	EuSCAPE_BE091	entity>plasmid; entity>res_site:tn4401; entity>gene:blakpc-3	entity>transposon:tn4401; entity>is:is1182; contains>plasmid>transposon:tn4401; contains>transposon:tn4401>res_site:tn4401; contains>transposon:tn4401>is:is1182; contains>transposon:tn4401>gene:blakpc-3	entity>transposon:tn4401a; contains>plasmid>transposon:tn4401a; contains>transposon:tn4401a>res_site:tn4401; contains>transposon:tn4401a>gene:blakpc-3
EuSCAPE_PL039	EuSCAPE_BE098	entity>plasmid; entity>res_site:tn4401; entity>is:is1182; entity>gene:blakpc-3	entity>transposon:tn4401; contains>plasmid>transposon:tn4401; contains>transposon:tn4401>res_site:tn4401; contains>transposon:tn4401>is:is1182; contains>transposon:tn4401>gene:blakpc-3	entity>transposon:tn4401a; contains>plasmid>transposon:tn4401a; contains>transposon:tn4401a>res_site:tn4401; contains>transposon:tn4401a>is:is1182; contains>transposon:tn4401a>gene:blakpc-3
EuSCAPE_PL039	EuSCAPE_DE016	entity>plasmid; entity>transposon:tn4401; entity>res_site:tn4401; contains>plasmid>transposon:tn4401; contains>transposon:tn4401>res_site:tn4401	entity>is:is1182; entity>gene:blakpc-3; contains>transposon:tn4401>is:is1182; contains>transposon:tn4401>gene:blakpc-3	entity>is:is21; entity>gene:blakpc-2; contains>transposon:tn4401>is:is21; contains>transposon:tn4401>gene:blakpc-2
EuSCAPE_PL039	EuSCAPE_GR158	entity>plasmid; entity>transposon:tn4401; entity>res_site:tn4401; entity>gene:blakpc-3; contains>plasmid>transposon:tn4401; contains>transposon:tn4401>res_site:tn4401; contains>transposon:tn4401>gene:blakpc-3	entity>is:is1182; contains>transposon:tn4401>is:is1182	entity>is:is21; contains>transposon:tn4401>is:is21
EuSCAPE_PL039	EuSCAPE_IE024	entity>plasmid; entity>res_site:tn4401	entity>transposon:tn4401; entity>is:is1182; entity>gene:blakpc-3; contains>plasmid>transposon:tn4401; contains>transposon:tn4401>res_site:tn4401; contains>transposon:tn4401>is:is1182; contains>transposon:tn4401>gene:blakpc-3	entity>transposon:tn4401a; entity>is:is21; entity>gene:blakpc-2; contains>plasmid>transposon:tn4401a; contains>transposon:tn4401a>res_site:tn4401; contains>transposon:tn4401a>is:is21; contains>transposon:tn4401a>gene:blakpc-2
EuSCAPE_PL039	EuSCAPE_IT152	entity>plasmid; entity>res_site:tn4401; entity>gene:blakpc-3	entity>transposon:tn4401; entity>is:is1182; contains>plasmid>transposon:tn4401; contains>transposon:tn4401>res_site:tn4401; contains>transposon:tn4401>is:is1182; contains>transposon:tn4401>gene:blakpc-3	entity>transposon:tn4401a; contains>plasmid>transposon:tn4401a; contains>transposon:tn4401a>res_site:tn4401; contains>transposon:tn4401a>gene:blakpc-3
EuSCAPE_PL039	EuSCAPE_IT222	entity>plasmid; entity>res_site:tn4401; entity>gene:blakpc-3	entity>transposon:tn4401; entity>is:is1182; contains>plasmid>transposon:tn4401; contains>transposon:tn4401>res_site:tn4401; contains>transposon:tn4401>is:is1182; contains>transposon:tn4401>gene:blakpc-3	entity>transposon:tn4401a; contains>plasmid>transposon:tn4401a; contains>transposon:tn4401a>res_site:tn4401; contains>transposon:tn4401a>gene:blakpc-3
EuSCAPE_PL039	EuSCAPE_IT242	entity>plasmid; entity>res_site:tn4401; entity>gene:blakpc-3	entity>transposon:tn4401; entity>is:is1182; contains>plasmid>transposon:tn4401; contains>transposon:tn4401>res_site:tn4401; contains>transposon:tn4401>is:is1182; contains>transposon:tn4401>gene:blakpc-3	entity>transposon:tn4401a; contains>plasmid>transposon:tn4401a; contains>transposon:tn4401a>res_site:tn4401; contains>transposon:tn4401a>gene:blakpc-3
EuSCAPE_PL039	EuSCAPE_PL039	entity>plasmid; entity>transposon:tn4401; entity>res_site:tn4401; entity>is:is1182; entity>gene:blakpc-3; contains>plasmid>transposon:tn4401; contains>transposon:tn4401>res_site:tn4401; contains>transposon:tn4401>is:is1182; contains>transposon:tn4401>gene:blakpc-3	-	-
