sample	selected	contig_count	largest_contig_bp	kpc_contig	kpc_contig_bp	kpc_start	kpc_end	kpc_label
EuSCAPE_AT022	yes	2	5351865	61088_C05|SC|contig000002	167795	85837	86718	Kpc-2
EuSCAPE_AT027	no	8	5337444	3754STDY7197114|SC|contig000003	25012	1068	1949	Kpc-2
EuSCAPE_BE091	yes	4	5389642	3754STDY7197110|SC|contig000002	247225	125991	126872	Kpc-2
EuSCAPE_BE092	no	13	5433120	3754STDY7197118|SC|contig000002	173505	92648	93529	Kpc-2
EuSCAPE_BE098	yes	6	5298328	61088_H05|SC|contig000002	313638	170468	171349	Kpc-2
EuSCAPE_DE016	yes	6	5324621	3754STDY7197030|SC|contig000003	55685	1068	1949	Kpc-2
EuSCAPE_DE024	no	9	5346416	3754STDY7197021_unicycler_depth_filter_0.1|SC|contig000004	101058	24631	25512	Kpc-2
EuSCAPE_DE072	no	8	5229245	60325_E01|SC|contig000004	23754	1068	1949	Kpc-2
EuSCAPE_DE073	no	11	5561094	3754STDY7197115|SC|contig000004	54622	6942	7823	Kpc-2
EuSCAPE_ES073	no	20	1452399	3754STDY7197120|SC|contig000012	7925	4050	4931	Kpc-2
EuSCAPE_ES085	no	8	4297817	3754STDY7197015|SC|contig000005	39063	22205	23086	Kpc-2
EuSCAPE_ES089	no	49	3317000	3754STDY7197122_unicycler_depth_filter_0.1|SC|contig000009	38254	29024	29905	Kpc-2
EuSCAPE_ES291	no	19	5401890	60258_D01|SC|contig000002	78232	37211	38092	Kpc-2
EuSCAPE_GR049	no	22	1641284	3754STDY7197117|SC|contig000009	110802	8675	9556	Kpc-2
EuSCAPE_GR075	no	17	3664321	3754STDY7197111|SC|contig000004	102122	25770	26651	Kpc-2
EuSCAPE_GR153	no	6	5220303	3754STDY7197113|SC|contig000003	113639	37211	38092	Kpc-2
EuSCAPE_GR158	yes	4	5463864	60973_G01|SC|contig000003	53292	1068	1949	Kpc-2
EuSCAPE_IE024	yes	3	5336943	3754STDY7197119|SC|contig000002	274214	192417	193298	Kpc-2
EuSCAPE_IL011	no	9	5446010	60258_E01|SC|contig000002	59092	48064	48945	Kpc-2
EuSCAPE_IL012	no	6	3804487	3754STDY7197023|SC|contig000001	3804487	63195	64076	Kpc-2
EuSCAPE_IL046	no	37	2175207	3754STDY7197121|SC|contig000006	114797	91575	92456	Kpc-2
EuSCAPE_IL058	no	6	5409814	3754STDY7197024|SC|contig000002	271897	106769	107650	Kpc-2
EuSCAPE_IL063	no	7	5438226	60973_F01|SC|contig000003	99442	82115	82996	Kpc-2
EuSCAPE_IL077	no	13	2801743	3754STDY7197022|SC|contig000006	23627	6442	7323	Kpc-2
EuSCAPE_IT013	no	10	5365945	3754STDY7197020|SC|contig000002	119433	84786	85667	Kpc-2
EuSCAPE_IT030	no	8	5376254	61088_D05|SC|contig000002	113639	37211	38092	Kpc-2
EuSCAPE_IT100	no	15	5440772	3754STDY7197029|SC|contig000003	50784	16745	17626	Kpc-2
EuSCAPE_IT152	yes	4	5433592	61088_F05|SC|contig000003	108219	37211	38092	Kpc-2
EuSCAPE_IT166	no	9	5420935	3754STDY7197016|SC|contig000004	18494	8939	9820	Kpc-2
EuSCAPE_IT178	no	21	5373714	60258_F01|SC|contig000005	39715	30160	31041	Kpc-2
EuSCAPE_IT222	yes	3	5376585	3754STDY7197017|SC|contig000002	223923	168801	169682	Kpc-2
EuSCAPE_IT242	yes	5	5433034	60325_D01|SC|contig000002	103164	23985	24866	Kpc-2
EuSCAPE_IT258	no	6	5437707	61088_E05|SC|contig000003	109679	37211	38092	Kpc-2
EuSCAPE_IT266	no	16	2736392	61088_G05|SC|contig000005	57994	1068	1949	Kpc-2
EuSCAPE_IT278	no	15	5435761	60325_B01|SC|contig000003	54920	8939	9820	Kpc-2
EuSCAPE_IT288	no	11	5439874	60325_C01|SC|contig000003	90718	16745	17626	Kpc-2
EuSCAPE_IT300	no	8	5389979	3754STDY7197018|SC|contig000005	18498	8675	9556	Kpc-2
EuSCAPE_IT370	no	23	5411490	3754STDY7197116|SC|contig000002	79685	51942	52823	Kpc-2
EuSCAPE_IT386	no	32	2568177	3754STDY7197028|SC|contig000009	43212	16745	17626	Kpc-2
EuSCAPE_LU008	no	24	3334782	3754STDY7197109|SC|contig000008	65107	32312	33193	Kpc-2
EuSCAPE_LU018	no	12	3114011	3754STDY7197014|SC|contig000005	128837	37211	38092	Kpc-2
EuSCAPE_MK006	no	8	5427782	3754STDY7197019|SC|contig000002	179988	92648	93529	Kpc-2
EuSCAPE_PL039	yes	5	5553321	3754STDY7197112|SC|contig000002	138453	40308	41189	Kpc-2
EuSCAPE_UK048	no	6	5516158	60973_H01|SC|contig000003	96969	1099	1980	Kpc-2
